{"cameraMode":{"drawMode":0,"name":"Shaded","section":"Shading Mode"},"sceneLighting":true,"audioPlay":false,"sceneViewState":{"showFog":true,"showMaterialUpdate":false,"showSkybox":true,"showFlares":true,"showImageEffects":true,"showParticleSystems":true},"in2DMode":false,"pivot":{"x":4.265559196472168,"y":11.028576850891114,"z":1.7305893898010255},"rotation":{"x":-0.40077564120292666,"y":0.5786119699478149,"z":-0.39103537797927859,"w":-0.5930255055427551},"size":16.544139862060548,"orthographic":false}